Title,Price,Avl
"Foolproof Preserving: A Guide to Small Batch Jams, Jellies, Pickles, Condiments, and More: A Foolproof Guide to Making Small Batch Jams, Jellies, Pickles, Condiments, and More",Â£30.52,In stock (19 available)
"The Pioneer Woman Cooks: Dinnertime: Comfort Classics, Freezer Food, 16-Minute Meals, and Other Delicious Ways to Solve Supper!",Â£56.41,In stock (16 available)
My Paris Kitchen: Recipes and Stories,Â£33.37,In stock (16 available)
"Mama Tried: Traditional Italian Cooking for the Screwed, Crude, Vegan, and Tattooed",Â£14.02,In stock (16 available)
"Layered: Baking, Building, and Styling Spectacular Cakes",Â£40.11,In stock (16 available)
The Nerdy Nummies Cookbook: Sweet Treats for the Geek in All of Us,Â£37.34,In stock (15 available)
The Love and Lemons Cookbook: An Apple-to-Zucchini Celebration of Impromptu Cooking,Â£37.60,In stock (15 available)
The Cookies &amp; Cups Cookbook: 125+ sweet &amp; savory recipes reminding you to Always Eat Dessert First,Â£41.25,In stock (15 available)
"Deliciously Ella Every Day: Quick and Easy Recipes for Gluten-Free Snacks, Packed Lunches, and Simple Meals",Â£42.16,In stock (15 available)
The Help Yourself Cookbook for Kids: 60 Easy Plant-Based Recipes Kids Can Make to Stay Healthy and Save the Earth,Â£28.77,In stock (14 available)
"It&#39;s All Easy: Healthy, Delicious Weeknight Meals in under 30 Minutes",Â£19.55,In stock (14 available)
Barefoot Contessa Back to Basics,Â£28.01,In stock (14 available)
Barefoot Contessa at Home: Everyday Recipes You&#39;ll Make Over and Over Again,Â£50.62,In stock (14 available)
My Kitchen Year: 136 Recipes That Saved My Life,Â£11.53,In stock (13 available)
Everyday Italian: 125 Simple and Delicious Recipes,Â£20.10,In stock (12 available)
"A la Mode: 120 Recipes in 60 Pairings: Pies, Tarts, Cakes, Crisps, and More Topped with Ice Cream, Gelato, Frozen Custard, and More",Â£38.77,In stock (12 available)
Cravings: Recipes for What You Want to Eat,Â£20.50,In stock (11 available)
"The Moosewood Cookbook: Recipes from Moosewood Restaurant, Ithaca, New York",Â£12.34,In stock (9 available)
32 Yolks,Â£53.63,In stock (8 available)
"Naturally Lean: 125 Nourishing Gluten-Free, Plant-Based Recipes--All Under 300 Calories",Â£11.38,In stock (7 available)
